{
    "power": {
        "totalpower": [
            83.801,
            83.794,
            167.59699999999998,
            167.59,
            167.60399999999998,
            167.618,
            125.692,
            83.80799999999999,
            209.488,
            209.488,
            125.713,
            125.713,
            125.713,
            83.794,
            167.618,
            209.54299999999998,
            125.699,
            167.618,
            251.386,
            251.386,
            502.815,
            502.733,
            544.624,
            586.664,
            502.774,
            586.5699999999999,
            586.617,
            544.76,
            502.85499999999996,
            502.808,
            544.726,
            544.672,
            251.36599999999999,
            125.713,
            209.523,
            544.8009999999999,
            418.978,
            544.672,
            460.95099999999996,
            544.7189999999999,
            628.569,
            502.85499999999996,
            544.713,
            460.842,
            586.617,
            586.617,
            502.815,
            209.523,
            125.692,
            167.618,
            209.488
        ],
        "gracepower": [
            88.37599999999999,
            87.067,
            45.169,
            45.169,
            47.788,
            87.068,
            46.477999999999994,
            87.068,
            46.486,
            46.477999999999994,
            46.486,
            46.486,
            87.068,
            46.477999999999994,
            88.37599999999999,
            46.494,
            45.177,
            89.701,
            88.363,
            128.965,
            43.86,
            87.067,
            87.067,
            85.77199999999999,
            45.824,
            87.081,
            45.169,
            128.987,
            45.169,
            45.169,
            127.67699999999999,
            85.758,
            47.788,
            87.082,
            87.082,
            45.177,
            87.722,
            45.169,
            85.758,
            45.169999999999995,
            43.86,
            45.169999999999995,
            42.558,
            45.169,
            45.169,
            85.758,
            45.824,
            89.701,
            45.177,
            91.024,
            47.788
        ],
        "cpupower": [
            83.795,
            83.795,
            41.897,
            41.897,
            41.897,
            83.795,
            41.897,
            83.795,
            41.903999999999996,
            41.897,
            41.903999999999996,
            41.903999999999996,
            83.795,
            41.897,
            83.795,
            41.911,
            41.903999999999996,
            83.809,
            83.782,
            125.693,
            41.897,
            83.795,
            83.795,
            83.809,
            41.897,
            83.809,
            41.897,
            125.714,
            41.897,
            41.897,
            125.714,
            83.795,
            41.897,
            83.809,
            83.809,
            41.903999999999996,
            83.795,
            41.897,
            83.795,
            41.897,
            41.897,
            41.897,
            41.903999999999996,
            41.897,
            41.897,
            83.795,
            41.897,
            83.809,
            41.903999999999996,
            83.823,
            41.897
        ],
        "iopower": [
            0.654,
            0.654,
            0.654,
            0.654,
            0.654,
            0.654,
            0.654,
            0.654,
            0.654,
            0.654,
            0.654,
            0.654,
            0.654,
            0.654,
            0.654,
            0.654,
            0.654,
            0.654,
            0.654,
            0.654,
            0.654,
            0.654,
            0.654,
            0.654,
            1.309,
            0.654,
            0.654,
            0.654,
            0.654,
            0.654,
            0.654,
            0.654,
            0.654,
            0.654,
            0.654,
            0.654,
            1.309,
            0.654,
            0.654,
            0.654,
            0.654,
            0.654,
            0.654,
            0.654,
            0.654,
            0.654,
            1.309,
            0.654,
            0.654,
            0.654,
            0.654
        ],
        "Totals": {
            "Total Energy (J)": 17179.352999999996,
            "Total Grace Energy (J)": 3413.4869999999996,
            "Total CPU Energy (J)": 3226.299,
            "Total IO Energy (J)": 35.31900000000001
        }
    },
    "version": "0.2",
    "sysinfo": {
        "kernel-release": "5.14.0-362.18.1.el9_3.0.1.aarch64+64k",
        "CPU": {
            "Architecture": "aarch64",
            "CPU op-mode(s)": "64-bit",
            "Byte Order": "Little Endian",
            "CPU(s)": "72",
            "On-line CPU(s) list": "0-71",
            "Vendor ID": "ARM",
            "Model name": "Neoverse-V2",
            "Model": "0",
            "Thread(s) per core": "1",
            "Core(s) per socket": "72",
            "Socket(s)": "1",
            "Stepping": "r0p0",
            "Frequency boost": "disabled",
            "CPU max MHz": "3411.0000",
            "CPU min MHz": "81.0000",
            "BogoMIPS": "2000.00",
            "Flags": "fp asimd evtstrm aes pmull sha1 sha2 crc32 atomics fphp asimdhp cpuid asimdrdm jscvt fcma lrcpc dcpop sha3 sm3 sm4 asimddp sha512 sve asimdfhm dit uscat ilrcpc flagm ssbs sb dcpodp sve2 sveaes svepmull svebitperm svesha3 svesm4 flagm2 frint svei8mm svebf16 i8mm bf16 dgh",
            "L1d cache": "4.5 MiB (72 instances)",
            "L1i cache": "4.5 MiB (72 instances)",
            "L2 cache": "72 MiB (72 instances)",
            "L3 cache": "114 MiB (1 instance)",
            "NUMA node(s)": "9",
            "NUMA node0 CPU(s)": "0-71",
            "NUMA node1 CPU(s)": "",
            "NUMA node2 CPU(s)": "",
            "NUMA node3 CPU(s)": "",
            "NUMA node4 CPU(s)": "",
            "NUMA node5 CPU(s)": "",
            "NUMA node6 CPU(s)": "",
            "NUMA node7 CPU(s)": "",
            "NUMA node8 CPU(s)": "",
            "Vulnerability Gather data sampling": "Not affected",
            "Vulnerability Itlb multihit": "Not affected",
            "Vulnerability L1tf": "Not affected",
            "Vulnerability Mds": "Not affected",
            "Vulnerability Meltdown": "Not affected",
            "Vulnerability Mmio stale data": "Not affected",
            "Vulnerability Retbleed": "Not affected",
            "Vulnerability Spec rstack overflow": "Not affected",
            "Vulnerability Spec store bypass": "Mitigation; Speculative Store Bypass disabled via prctl",
            "Vulnerability Spectre v1": "Mitigation; __user pointer sanitization",
            "Vulnerability Spectre v2": "Not affected",
            "Vulnerability Srbds": "Not affected",
            "Vulnerability Tsx async abort": "Not affected"
        },
        "GPU": {
            "0": {
                "name": [
                    "NVIDIA GH200 480GB"
                ],
                "pci.bus_id": [
                    "00000009:01:00.0"
                ],
                "driver_version": [
                    "550.54.14"
                ],
                "pstate": [
                    "P0"
                ],
                "count": [
                    "1"
                ],
                "serial": [
                    "1653923042140"
                ],
                "uuid": [
                    "GPU-fe3387ab-14d1-4a22-c7e7-2b56a8d23f04"
                ],
                "pcie.link.gen.max": [
                    "4"
                ],
                "pcie.link.gen.current": [
                    "4"
                ],